kind,key,lat,lng
zip3,010,-23.54541,-46.63716
zip3,011,-23.52683,-46.65076
zip3,012,-23.54133,-46.65609
zip3,013,-23.55779,-46.64863
zip3,014,-23.56876,-46.66604
zip3,015,-23.56699,-46.62739
zip3,020,-23.50185,-46.61773
zip3,021,-23.51091,-46.58088
zip3,022,-23.47973,-46.58555
zip3,023,-23.4651,-46.60641
zip3,024,-23.48296,-46.63838
zip3,025,-23.50106,-46.66227
zip3,026,-23.46446,-46.65683
zip3,027,-23.49519,-46.68334
zip3,028,-23.46763,-46.69149
zip3,029,-23.47633,-46.71487
zip3,030,-23.53616,-46.59197
zip3,031,-23.5681,-46.58826
zip3,032,-23.59531,-46.54602
zip3,033,-23.55845,-46.55814
zip3,034,-23.55679,-46.5334
zip3,035,-23.54862,-46.50622
zip3,036,-23.52393,-46.51276
zip3,037,-23.50682,-46.52134
zip3,038,-23.49887,-46.48587
zip3,039,-23.59995,-46.50066
zip3,040,-23.59727,-46.64801
zip3,041,-23.61306,-46.62251
zip3,042,-23.60449,-46.60265
zip3,043,-23.64435,-46.64757
zip3,044,-23.68387,-46.65727
zip3,045,-23.6004,-46.67893
zip3,046,-23.64519,-46.6787
zip3,047,-23.64967,-46.70483
zip3,048,-23.74939,-46.69535
zip3,049,-23.6945,-46.75772
zip3,050,-23.53012,-46.69176
zip3,051,-23.48711,-46.74206
zip3,052,-23.42808,-46.75888
zip3,053,-23.55408,-46.74777
zip3,054,-23.55635,-46.69164
zip3,055,-23.58479,-46.74922
zip3,056,-23.60455,-46.72315
zip3,057,-23.63301,-46.75101
zip3,058,-23.66616,-46.76412
zip3,060,-23.54994,-46.77761
zip3,061,-23.55047,-46.80481
zip3,062,-23.5081,-46.78147
zip3,063,-23.54546,-46.83876
zip3,064,-23.50591,-46.86936
zip3,065,-23.45042,-46.88513
zip3,066,-23.54524,-46.92702
zip3,067,-23.61633,-46.85781
zip3,068,-23.6847,-46.83264
zip3,069,-23.86755,-46.89279
zip3,070,-23.46245,-46.54708
zip3,071,-23.43078,-46.48356
zip3,072,-23.45054,-46.43153
zip3,074,-23.40076,-46.32229
zip3,075,-23.31832,-46.22611
zip3,076,-23.32972,-46.59712
zip3,077,-23.36706,-46.77705
zip3,078,-23.31617,-46.72582
zip3,079,-23.28091,-46.74128
zip3,080,-23.50217,-46.44215
zip3,081,-23.50363,-46.39806
zip3,082,-23.54582,-46.45521
zip3,083,-23.61162,-46.46165
zip3,084,-23.55437,-46.41269
zip3,085,-23.50657,-46.35362
zip3,086,-23.54953,-46.3096
zip3,087,-23.53379,-46.20066
zip3,088,-23.50577,-46.14463
zip3,089,-23.48096,-46.00096
zip3,090,-23.65701,-46.54012
zip3,091,-23.68555,-46.51115
zip3,092,-23.63451,-46.51507
zip3,093,-23.67001,-46.44891
zip3,094,-23.71295,-46.40433
zip3,095,-23.62653,-46.56519
zip3,096,-23.66347,-46.58102
zip3,097,-23.70883,-46.54496
zip3,098,-23.72587,-46.57371
zip3,099,-23.68977,-46.61174
zip3,110,-23.96252,-46.3278
zip3,112,-23.79169,-46.06821
zip3,113,-23.96491,-46.39391
zip3,114,-23.97913,-46.26027
zip3,115,-23.90451,-46.42335
zip3,116,-23.65783,-45.35924
zip3,117,-24.09127,-46.60611
zip3,118,-24.29713,-47.53947
zip3,119,-24.64971,-47.85825
zip3,120,-23.02536,-45.56382
zip3,121,-23.04498,-45.50015
zip3,122,-23.20237,-45.86519
zip3,123,-23.29804,-45.96647
zip3,124,-22.85695,-45.50599
zip3,125,-22.83575,-45.18901
zip3,126,-22.70973,-45.08748
zip3,127,-22.57237,-44.96059
zip3,128,-22.63486,-44.50585
zip3,129,-23.02559,-46.52426
zip3,130,-22.90137,-47.07485
zip3,131,-22.80199,-47.18429
zip3,132,-23.12256,-46.91092
zip3,133,-23.13032,-47.27383
zip3,134,-22.69289,-47.47293
zip3,135,-22.21234,-47.7678
zip3,136,-22.10839,-47.41071
zip3,137,-21.58622,-46.95083
zip3,138,-22.31416,-46.93362
zip3,139,-22.55453,-46.76755
zip3,140,-21.18062,-47.80438
zip3,141,-21.16804,-47.89584
zip3,142,-21.42711,-47.45165
zip3,143,-20.94976,-47.54652
zip3,144,-20.52117,-47.4036
zip3,145,-20.23784,-47.81481
zip3,146,-20.71616,-47.88608
zip3,147,-20.72406,-48.47951
zip3,148,-21.6351,-48.18288
zip3,149,-21.61764,-48.92619
zip3,150,-20.80991,-49.37969
zip3,151,-20.80753,-49.54366
zip3,152,-21.03592,-49.83898
zip3,153,-20.57696,-50.96973
zip3,154,-20.53587,-49.12856
zip3,155,-20.39039,-49.95483
zip3,156,-20.23993,-50.26702
zip3,157,-20.24574,-50.73133
zip3,158,-21.12965,-49.00266
zip3,159,-21.41779,-48.48562
zip3,160,-21.20541,-50.4432
zip3,161,-21.07803,-50.24193
zip3,162,-21.34228,-50.36118
zip3,163,-21.47482,-50.00391
zip3,164,-21.67158,-49.75614
zip3,165,-21.82629,-49.61031
zip3,166,-21.98382,-49.42311
zip3,167,-21.25561,-50.6632
zip3,168,-21.18202,-50.98549
zip3,169,-20.91155,-51.38231
zip3,170,-22.3271,-49.06698
zip3,171,-22.29148,-49.00878
zip3,172,-22.27643,-48.63562
zip3,173,-22.41609,-48.37518
zip3,174,-22.31399,-49.53649
zip3,175,-22.19833,-49.96387
zip3,176,-21.93853,-50.54702
zip3,177,-21.76425,-50.88795
zip3,178,-21.62471,-51.20468
zip3,179,-21.44287,-51.58932
zip3,180,-23.48905,-47.46904
zip3,181,-23.56259,-47.35765
zip3,182,-23.49739,-48.01684
zip3,183,-24.24425,-48.57645
zip3,184,-23.97739,-49.07172
zip3,185,-23.17702,-47.72297
zip3,186,-22.81236,-48.55156
zip3,187,-23.17754,-49.02224
zip3,188,-23.29219,-49.42721
zip3,189,-22.93785,-49.61662
zip3,190,-22.12205,-51.40496
zip3,191,-22.05714,-51.41584
zip3,192,-22.33643,-51.69323
zip3,193,-21.97216,-51.60739
zip3,194,-21.83596,-51.95987
zip3,195,-22.19755,-51.24078
zip3,196,-22.34217,-50.89753
zip3,197,-22.36855,-50.59184
zip3,198,-22.67982,-50.45387
zip3,199,-22.92149,-49.9506
zip3,200,-22.90552,-43.17845
zip3,202,-22.91637,-43.20514
zip3,203,-22.76577,-43.11461
zip3,205,-22.92435,-43.24426
zip3,207,-22.89422,-43.28755
zip3,209,-22.8973,-43.23935
zip3,210,-22.85162,-43.26921
zip3,212,-22.8355,-43.31323
zip3,213,-22.87932,-43.34659
zip3,214,-22.86265,-43.25392
zip3,215,-22.84437,-43.35536
zip3,216,-22.8433,-43.39039
zip3,217,-22.8809,-43.4228
zip3,218,-22.87344,-43.47224
zip3,219,-22.81004,-43.19936
zip3,220,-22.97182,-43.18646
zip3,222,-22.94279,-43.18364
zip3,224,-22.97828,-43.2187
zip3,226,-23.00489,-43.32546
zip3,227,-22.96574,-43.39591
zip3,230,-22.90909,-43.57135
zip3,235,-22.92744,-43.6677
zip3,238,-22.85582,-43.80399
zip3,239,-23.03754,-44.41516
zip3,240,-22.87819,-43.10948
zip3,241,-22.87674,-43.09173
zip3,242,-22.89369,-43.10186
zip3,243,-22.91432,-43.04934
zip3,244,-22.8248,-43.04774
zip3,247,-22.83391,-42.99121
zip3,248,-22.75065,-42.86044
zip3,249,-22.92651,-42.867
zip3,250,-22.76534,-43.30395
zip3,252,-22.65594,-43.27256
zip3,255,-22.78615,-43.36909
zip3,256,-22.51327,-43.18849
zip3,257,-22.37135,-43.1057
zip3,258,-22.13073,-43.19863
zip3,259,-22.50997,-43.02719
zip3,260,-22.72309,-43.4635
zip3,261,-22.73724,-43.38429
zip3,262,-22.76099,-43.4812
zip3,263,-22.71468,-43.56345
zip3,264,-22.66796,-43.62559
zip3,265,-22.79783,-43.42104
zip3,266,-22.59876,-43.69685
zip3,267,-22.52605,-43.73322
zip3,269,-22.43941,-43.45579
zip3,271,-22.46754,-43.8977
zip3,272,-22.50867,-44.09717
zip3,273,-22.54115,-44.17169
zip3,274,-22.57903,-44.19772
zip3,275,-22.46757,-44.46547
zip3,276,-22.24126,-43.70649
zip3,277,-22.40241,-43.66006
zip3,279,-22.37531,-41.78963
zip3,280,-21.76082,-41.32105
zip3,281,-21.46888,-42.17682
zip3,282,-21.56994,-41.23642
zip3,283,-21.13946,-41.87377
zip3,284,-21.54249,-42.07847
zip3,285,-21.85427,-42.26234
zip3,286,-22.26933,-42.54956
zip3,287,-22.06802,-41.79595
zip3,288,-22.55334,-42.10027
zip3,289,-22.85689,-42.15152
zip3,290,-20.28842,-40.29906
zip3,291,-20.26319,-40.30172
zip3,292,-20.66379,-40.64367
zip3,293,-20.73887,-41.12477
zip3,294,-21.03638,-41.46245
zip3,295,-20.73592,-41.57431
zip3,296,-19.93479,-40.73695
zip3,297,-19.36091,-40.68463
zip3,298,-18.53877,-40.58488
zip3,299,-19.00829,-40.03524
zip3,300,-19.91257,-43.92707
zip3,301,-19.92806,-43.9396
zip3,302,-19.92727,-43.91134
zip3,303,-19.95228,-43.94113
zip3,304,-19.94039,-43.96641
zip3,305,-19.95152,-43.98842
zip3,306,-19.98866,-44.02149
zip3,307,-19.9106,-43.97261
zip3,308,-19.90055,-44.00578
zip3,310,-19.90065,-43.91417
zip3,311,-19.88847,-43.93342
zip3,312,-19.87458,-43.95364
zip3,313,-19.87238,-43.99471
zip3,315,-19.82538,-43.98049
zip3,316,-19.80412,-43.9709
zip3,317,-19.83142,-43.94662
zip3,318,-19.84293,-43.91934
zip3,319,-19.86034,-43.90458
zip3,320,-19.90539,-44.09649
zip3,321,-19.87787,-44.03759
zip3,322,-19.95748,-44.04655
zip3,323,-19.93441,-44.04342
zip3,324,-20.02298,-44.09157
zip3,325,-19.96971,-44.17559
zip3,326,-19.95406,-44.16696
zip3,329,-20.06203,-44.29022
zip3,330,-19.78585,-43.87459
zip3,331,-19.78311,-43.92763
zip3,332,-19.7311,-43.94147
zip3,333,-19.70782,-43.97313
zip3,334,-19.63652,-43.89965
zip3,335,-19.63357,-43.98543
zip3,336,-19.61335,-44.03991
zip3,338,-19.76789,-44.09919
zip3,339,-19.79135,-44.01949
zip3,340,-20.00704,-43.9057
zip3,343,-20.08991,-43.78912
zip3,344,-19.96616,-43.80532
zip3,345,-19.88881,-43.82632
zip3,346,-19.86586,-43.87621
zip3,347,-19.87168,-43.89013
zip3,348,-19.8849,-43.66495
zip3,349,-19.73468,-43.60051
zip3,350,-18.86415,-41.95359
zip3,351,-19.42485,-42.52938
zip3,352,-19.03818,-41.31438
zip3,353,-19.93667,-42.30112
zip3,354,-20.3606,-43.54839
zip3,355,-20.20872,-45.07451
zip3,356,-19.74561,-44.85821
zip3,357,-19.33751,-44.27671
zip3,358,-19.10707,-43.38926
zip3,359,-19.78697,-43.23997
zip3,360,-21.75411,-43.36264
zip3,361,-21.54277,-43.35639
zip3,362,-21.22771,-43.7527
zip3,363,-21.09994,-44.26105
zip3,364,-20.6069,-43.75929
zip3,365,-20.91197,-42.88521
zip3,366,-21.75695,-42.90108
zip3,367,-21.44085,-42.64287
zip3,368,-20.9197,-42.22044
zip3,369,-20.14807,-41.90008
zip3,370,-21.56133,-45.43652
zip3,371,-21.30968,-45.82787
zip3,372,-21.12969,-45.08685
zip3,373,-21.80759,-44.30905
zip3,374,-21.98565,-45.10512
zip3,375,-22.30124,-45.84428
zip3,376,-22.69545,-46.09588
zip3,377,-21.80814,-46.42927
zip3,378,-21.2939,-46.66517
zip3,379,-20.7155,-46.59953
zip3,380,-19.75282,-47.93582
zip3,381,-19.6096,-47.37395
zip3,382,-19.87869,-49.51392
zip3,383,-18.89006,-49.58108
zip3,384,-18.87667,-48.28897
zip3,385,-18.60872,-47.39324
zip3,386,-16.58388,-46.72189
zip3,387,-18.49995,-46.59839
zip3,388,-19.20529,-46.13352
zip3,389,-19.84679,-46.14509
zip3,391,-18.29821,-43.51877
zip3,392,-17.73782,-44.86096
zip3,393,-16.51994,-44.47481
zip3,394,-16.3725,-43.88755
zip3,395,-15.7005,-42.6812
zip3,396,-17.18416,-42.28549
zip3,397,-18.58189,-42.69889
zip3,398,-17.64791,-41.24001
zip3,399,-16.15845,-40.75245
zip3,400,-12.98035,-38.51225
zip3,401,-13.00075,-38.51996
zip3,402,-12.98797,-38.48944
zip3,403,-12.95083,-38.48653
zip3,404,-12.92803,-38.4973
zip3,407,-12.88979,-38.47093
zip3,408,-12.8855,-38.46944
zip3,411,-12.95973,-38.45644
zip3,412,-12.93011,-38.44565
zip3,413,-12.90538,-38.42829
zip3,414,-12.91571,-38.39354
zip3,415,-12.91077,-38.37586
zip3,416,-12.94029,-38.36787
zip3,417,-12.97101,-38.43029
zip3,418,-12.99435,-38.46018
zip3,419,-13.00562,-38.48129
zip3,426,-12.74168,-38.61348
zip3,427,-12.88491,-38.31464
zip3,428,-12.68679,-38.317
zip3,437,-12.7921,-38.39277
zip3,438,-12.65637,-38.63505
zip3,439,-12.6236,-38.67297
zip3,440,-12.25001,-38.95696
zip3,441,-12.33414,-39.19076
zip3,442,-12.41315,-38.73772
zip3,443,-12.61409,-39.05001
zip3,444,-13.00051,-38.86932
zip3,445,-12.91545,-39.26041
zip3,446,-11.73621,-39.87185
zip3,447,-11.03224,-40.44535
zip3,448,-11.72537,-41.12056
zip3,449,-11.34448,-41.89046
zip3,450,-14.85958,-40.84182
zip3,451,-15.03507,-40.88603
zip3,452,-14.16334,-40.14398
zip3,453,-13.30485,-39.95499
zip3,454,-13.52381,-39.25657
zip3,455,-14.20064,-39.46144
zip3,456,-14.79903,-39.20608
zip3,457,-15.25097,-40.06828
zip3,458,-16.32736,-39.32899
zip3,459,-17.48637,-39.71868
zip3,461,-13.97447,-41.79232
zip3,462,-14.78023,-41.87926
zip3,463,-14.56406,-42.44435
zip3,464,-14.13006,-42.8441
zip3,465,-13.13317,-42.54073
zip3,466,-13.6721,-41.34649
zip3,467,-13.01093,-41.47849
zip3,468,-12.47448,-40.52975
zip3,469,-12.39487,-41.64949
zip3,471,-11.03067,-43.60415
zip3,472,-9.69542,-42.33473
zip3,473,-9.44246,-41.25637
zip3,474,-10.90487,-42.67542
zip3,475,-12.18069,-43.0086
zip3,476,-13.44323,-43.94715
zip3,477,-12.84285,-44.03207
zip3,478,-12.14828,-45.33528
zip3,479,-11.55199,-44.78152
zip3,480,-12.13674,-38.42344
zip3,481,-12.19767,-38.31666
zip3,482,-12.52497,-38.25504
zip3,483,-11.75169,-37.94295
zip3,484,-10.93887,-38.35853
zip3,485,-10.18263,-38.59679
zip3,486,-9.34306,-38.32738
zip3,487,-11.50307,-39.05622
zip3,488,-10.92909,-39.50656
zip3,489,-9.7522,-40.35847
zip3,490,-10.94135,-37.06728
zip3,491,-10.88804,-37.10609
zip3,492,-11.31002,-37.5862
zip3,493,-11.15943,-37.84095
zip3,494,-10.84838,-37.76913
zip3,495,-10.65412,-37.45139
zip3,496,-10.29473,-37.35344
zip3,497,-10.52772,-37.02798
zip3,498,-9.80171,-37.60261
zip3,499,-10.30984,-36.77671
zip3,500,-8.06093,-34.88648
zip3,501,-8.04716,-34.88521
zip3,506,-8.05034,-34.9256
zip3,507,-8.05939,-34.92928
zip3,508,-8.06905,-34.93255
zip3,509,-8.06983,-34.95556
zip3,510,-8.12,-34.89891
zip3,511,-8.11262,-34.90709
zip3,512,-8.12055,-34.93709
zip3,513,-8.11625,-34.9401
zip3,520,-8.03425,-34.90619
zip3,521,-8.01224,-34.9043
zip3,522,-8.01387,-34.91105
zip3,523,-7.98695,-34.93011
zip3,524,-8.01274,-34.92925
zip3,530,-7.97167,-34.84686
zip3,531,-7.98962,-34.85664
zip3,532,-8.00467,-34.87349
zip3,533,-7.99658,-34.8615
zip3,534,-7.93192,-34.85838
zip3,535,-7.91157,-34.91299
zip3,536,-7.83416,-34.95249
zip3,537,-7.77511,-34.89755
zip3,539,-7.75766,-34.83321
zip3,540,-8.11543,-35.02135
zip3,541,-8.11316,-35.00439
zip3,542,-8.10547,-34.97394
zip3,543,-8.16023,-34.93932
zip3,544,-8.18746,-34.92385
zip3,545,-8.27677,-35.01756
zip3,547,-8.00611,-35.00513
zip3,548,-8.11751,-35.1106
zip3,550,-8.28084,-35.97143
zip3,551,-8.30988,-36.37917
zip3,552,-8.72258,-36.57261
zip3,553,-8.82601,-36.55286
zip3,554,-8.75748,-36.03219
zip3,555,-8.56028,-35.27121
zip3,556,-8.23175,-35.5507
zip3,557,-7.83576,-35.72665
zip3,558,-7.71765,-35.27926
zip3,559,-7.53983,-35.0461
zip3,560,-8.07096,-39.12348
zip3,561,-8.19334,-39.42267
zip3,562,-7.7314,-40.20853
zip3,563,-9.27814,-40.45323
zip3,564,-8.86732,-38.41934
zip3,565,-8.56438,-37.22253
zip3,566,-8.08954,-37.47265
zip3,567,-7.53418,-37.4395
zip3,568,-7.80017,-37.76308
zip3,569,-7.97137,-38.41422
zip3,570,-9.62897,-35.73117
zip3,571,-9.60557,-35.86854
zip3,572,-10.11487,-36.40517
zip3,573,-9.84428,-36.7382
zip3,574,-9.52416,-37.63848
zip3,575,-9.29689,-37.38731
zip3,576,-9.48074,-36.52061
zip3,577,-9.37139,-36.22533
zip3,578,-9.13172,-36.03268
zip3,579,-9.11879,-35.4827
zip3,580,-7.13222,-34.85135
zip3,581,-6.89084,-35.76298
zip3,582,-6.78175,-35.41671
zip3,583,-7.1452,-35.18863
zip3,584,-7.25499,-35.89651
zip3,585,-7.70243,-36.90944
zip3,586,-7.0269,-36.86812
zip3,587,-7.22828,-37.64164
zip3,588,-6.58101,-37.83134
zip3,589,-7.03216,-38.4926
zip3,590,-5.82749,-35.21327
zip3,591,-5.88665,-35.23571
zip3,592,-6.14833,-35.65091
zip3,593,-6.42142,-36.84455
zip3,594,-5.92202,-35.83956
zip3,595,-5.41874,-36.20964
zip3,596,-5.26309,-37.26559
zip3,597,-5.81043,-37.6852
zip3,598,-6.03935,-37.91789
zip3,599,-6.2189,-38.27125
zip3,600,-3.73526,-38.53001
zip3,601,-3.73769,-38.49668
zip3,603,-3.7231,-38.575
zip3,604,-3.75441,-38.55017
zip3,605,-3.77166,-38.59682
zip3,607,-3.80369,-38.5677
zip3,608,-3.80375,-38.49559
zip3,616,-3.73758,-38.65033
zip3,617,-3.88544,-38.44099
zip3,618,-3.9466,-38.58343
zip3,619,-3.87262,-38.63046
zip3,620,-3.68654,-40.35309
zip3,621,-3.82261,-40.47895
zip3,622,-4.42142,-40.52911
zip3,623,-3.89043,-40.92386
zip3,624,-3.02667,-40.85347
zip3,625,-3.10084,-40.06118
zip3,626,-3.61473,-39.33676
zip3,627,-4.32994,-38.99751
zip3,628,-4.38186,-38.05635
zip3,629,-5.16261,-38.14375
zip3,630,-7.22255,-39.31611
zip3,631,-7.18559,-39.60473
zip3,632,-7.42436,-39.03387
zip3,633,-6.90524,-38.81333
zip3,634,-6.23348,-38.78676
zip3,635,-6.45229,-39.40324
zip3,636,-5.7642,-39.83075
zip3,637,-5.15416,-40.57331
zip3,638,-5.15693,-39.50649
zip3,639,-5.01266,-38.98665
zip3,640,-5.08266,-42.79057
zip3,641,-4.01519,-42.38776
zip3,642,-3.653,-41.81414
zip3,643,-5.85541,-41.80775
zip3,644,-6.03497,-42.69299
zip3,645,-7.11075,-41.79665
zip3,646,-7.05466,-41.21156
zip3,647,-8.4851,-42.14219
zip3,648,-7.23531,-43.42148
zip3,649,-9.5619,-44.67169
zip3,650,-2.53032,-44.25473
zip3,651,-2.65727,-44.1303
zip3,652,-2.31461,-45.31036
zip3,653,-3.81207,-45.63604
zip3,654,-3.88376,-44.22084
zip3,655,-3.30972,-42.81611
zip3,656,-5.34269,-43.38248
zip3,657,-4.72788,-44.70395
zip3,658,-7.4605,-45.69643
zip3,659,-5.64048,-47.09636
zip3,660,-1.44608,-48.47579
zip3,661,-1.41415,-48.47878
zip3,666,-1.37891,-48.4492
zip3,668,-1.32907,-48.46418
zip3,669,-1.20672,-48.4629
zip3,670,-1.37269,-48.39331
zip3,671,-1.36217,-48.40701
zip3,672,-1.36698,-48.33764
zip3,680,-2.43656,-54.7194
zip3,681,-4.27247,-55.0528
zip3,682,-1.86582,-55.01656
zip3,683,-4.56108,-51.78812
zip3,684,-2.68448,-49.47015
zip3,685,-6.55969,-49.62816
zip3,686,-2.55535,-47.52097
zip3,687,-1.25584,-47.80754
zip3,688,-1.5244,-49.97837
zip3,689,0.08603,-51.2343
zip3,690,-3.07958,-60.00711
zip3,691,-2.89292,-57.58583
zip3,692,-5.01313,-59.83585
zip3,693,2.7171,-60.67287
zip3,694,-3.65293,-62.23612
zip3,695,-4.07085,-65.7598
zip3,696,-3.87072,-69.15177
zip3,697,-1.2614,-62.63638
zip3,698,-7.65117,-65.5124
zip3,699,-9.67155,-68.50713
zip3,700,-15.79488,-47.87967
zip3,701,-15.80039,-47.86059
zip3,702,-15.8218,-47.90021
zip3,703,-15.80977,-47.93253
zip3,704,-15.81802,-47.88473
zip3,706,-15.79058,-47.93045
zip3,707,-15.76003,-47.89037
zip3,708,-15.7622,-47.87817
zip3,709,-14.57748,-53.07916
zip3,710,-15.8284,-47.97525
zip3,711,-15.80873,-47.98945
zip3,712,-15.6746,-48.52355
zip3,715,-15.74647,-47.83344
zip3,716,-15.85815,-47.83675
zip3,717,-15.8782,-47.95799
zip3,718,-15.89082,-48.02865
zip3,719,-15.83687,-48.00751
zip3,720,-15.84219,-48.04899
zip3,721,-15.81387,-48.07392
zip3,722,-15.81775,-48.11751
zip3,723,-15.87649,-48.09104
zip3,724,-15.9593,-48.16221
zip3,725,-16.01785,-48.00976
zip3,726,-15.91296,-48.07672
zip3,727,-15.67333,-48.1883
zip3,728,-16.13543,-47.98435
zip3,729,-15.87073,-48.49858
zip3,730,-15.64961,-47.80093
zip3,731,-15.67334,-47.85771
zip3,732,-15.68997,-47.82881
zip3,733,-15.62725,-47.65925
zip3,734,-15.79291,-47.85562
zip3,737,-14.61073,-47.71675
zip3,738,-15.34008,-47.24547
zip3,739,-14.26511,-46.37369
zip3,740,-16.67667,-49.26013
zip3,741,-16.68902,-49.26711
zip3,742,-16.70648,-49.27563
zip3,743,-16.72131,-49.32168
zip3,744,-16.64979,-49.33199
zip3,745,-16.65167,-49.28521
zip3,746,-16.64724,-49.2408
zip3,747,-16.6726,-49.21236
zip3,748,-16.71247,-49.24564
zip3,749,-16.77732,-49.27576
zip3,750,-16.30868,-48.94799
zip3,751,-16.40204,-48.91873
zip3,752,-16.95784,-48.72481
zip3,753,-16.66888,-49.446
zip3,754,-16.31044,-49.41125
zip3,755,-18.34201,-49.37973
zip3,756,-17.76569,-49.00538
zip3,757,-18.0552,-47.97671
zip3,758,-18.01299,-51.65561
zip3,759,-17.69864,-50.71525
zip3,761,-16.52038,-50.20459
zip3,762,-16.12653,-51.33827
zip3,763,-15.27615,-49.46471
zip3,764,-14.136,-48.76647
zip3,765,-13.76823,-49.69176
zip3,766,-15.84887,-49.92667
zip3,767,-15.03089,-50.6497
zip3,768,-9.20585,-63.68505
zip3,769,-11.68786,-61.58049
zip3,770,-10.21526,-48.32575
zip3,773,-12.17326,-47.15154
zip3,774,-11.77529,-49.17594
zip3,775,-10.73811,-48.38893
zip3,776,-9.83224,-48.79486
zip3,777,-8.31865,-48.40329
zip3,778,-7.0877,-48.21064
zip3,779,-5.87431,-47.79294
zip3,780,-15.59818,-56.0721
zip3,781,-15.69506,-56.11262
zip3,782,-15.58271,-58.38393
zip3,783,-13.07681,-58.2469
zip3,784,-13.6514,-56.19695
zip3,785,-11.0551,-55.80719
zip3,786,-13.36133,-52.0296
zip3,787,-16.62192,-54.35244
zip3,788,-14.33942,-54.90567
zip3,790,-20.47521,-54.60828
zip3,791,-20.81167,-54.6973
zip3,792,-21.10965,-56.1967
zip3,793,-19.21704,-57.47041
zip3,794,-18.92497,-54.61178
zip3,795,-19.06557,-52.29878
zip3,796,-20.81363,-51.8549
zip3,797,-22.22251,-53.54673
zip3,798,-22.21897,-54.8034
zip3,799,-23.07761,-54.94072
zip3,800,-25.42516,-49.25773
zip3,801,-25.43659,-49.26619
zip3,802,-25.44723,-49.27511
zip3,803,-25.4623,-49.30083
zip3,804,-25.43522,-49.28346
zip3,805,-25.41286,-49.26883
zip3,806,-25.46692,-49.28435
zip3,807,-25.43369,-49.29973
zip3,808,-25.413,-49.29305
zip3,810,-25.48763,-49.29163
zip3,811,-25.50915,-49.302
zip3,812,-25.45331,-49.34065
zip3,813,-25.49169,-49.32391
zip3,814,-25.55385,-49.33422
zip3,815,-25.47607,-49.2249
zip3,816,-25.4979,-49.25356
zip3,817,-25.51375,-49.24376
zip3,818,-25.52125,-49.27311
zip3,819,-25.54707,-49.26769
zip3,820,-25.4101,-49.32699
zip3,821,-25.38774,-49.28591
zip3,822,-25.38138,-49.26681
zip3,823,-25.41446,-49.35139
zip3,824,-25.38612,-49.33539
zip3,825,-25.39932,-49.23911
zip3,826,-25.38134,-49.22412
zip3,827,-25.36393,-49.24867
zip3,828,-25.41955,-49.21027
zip3,829,-25.45927,-49.20909
zip3,830,-25.5309,-49.17535
zip3,831,-25.90135,-49.1704
zip3,832,-25.65728,-48.52856
zip3,833,-25.43582,-49.10191
zip3,834,-25.33694,-49.15809
zip3,835,-25.25809,-49.30427
zip3,836,-25.46366,-49.52658
zip3,837,-25.61968,-49.45658
zip3,838,-25.78225,-49.44501
zip3,839,-25.87456,-50.3798
zip3,840,-25.0932,-50.15705
zip3,841,-25.04989,-50.01219
zip3,842,-24.29043,-50.30939
zip3,843,-24.44056,-50.67303
zip3,844,-25.08466,-50.90254
zip3,845,-25.57218,-50.68439
zip3,846,-26.19753,-51.17774
zip3,849,-23.84271,-49.9173
zip3,850,-25.39015,-51.47151
zip3,851,-25.48783,-51.72999
zip3,852,-24.73293,-51.85601
zip3,853,-25.40474,-52.42557
zip3,854,-24.93446,-53.08248
zip3,855,-26.13747,-52.54466
zip3,856,-25.96229,-53.13827
zip3,857,-25.76298,-53.65044
zip3,858,-25.18206,-53.96949
zip3,859,-24.53696,-53.87099
zip3,860,-23.31442,-51.1655
zip3,861,-23.1135,-51.22485
zip3,862,-23.33701,-50.90738
zip3,863,-23.15172,-50.46031
zip3,864,-23.33116,-49.99921
zip3,866,-23.04812,-51.6105
zip3,867,-23.30002,-51.57606
zip3,868,-23.77203,-51.47046
zip3,869,-23.68561,-51.75308
zip3,870,-23.41889,-51.93183
zip3,871,-23.43196,-52.03181
zip3,872,-23.75408,-52.4942
zip3,873,-24.18636,-52.58625
zip3,874,-23.71909,-53.05928
zip3,875,-23.76871,-53.43161
zip3,876,-23.0795,-52.17021
zip3,877,-23.11965,-52.46305
zip3,878,-23.0534,-52.76979
zip3,879,-22.88489,-53.133
zip3,880,-27.57602,-48.51697
zip3,881,-27.59824,-48.64767
zip3,882,-27.17338,-48.64187
zip3,883,-26.94992,-48.70629
zip3,884,-27.69444,-49.18806
zip3,885,-27.7657,-50.35388
zip3,886,-28.12784,-49.77448
zip3,887,-28.40396,-48.95796
zip3,888,-28.61491,-49.34977
zip3,889,-29.0234,-49.60889
zip3,890,-26.89943,-49.09526
zip3,891,-26.98797,-49.44603
zip3,892,-26.32146,-48.92977
zip3,893,-26.21955,-49.9032
zip3,894,-26.2136,-50.62134
zip3,895,-26.98243,-50.93085
zip3,896,-27.18408,-51.54468
zip3,897,-27.21629,-52.09067
zip3,898,-26.9719,-52.77878
zip3,899,-26.56159,-53.38831
zip3,900,-30.03496,-51.22429
zip3,901,-30.0511,-51.2224
zip3,902,-30.001,-51.19573
zip3,904,-30.03225,-51.19004
zip3,905,-30.0185,-51.19184
zip3,906,-30.0528,-51.19582
zip3,907,-30.15809,-51.21418
zip3,908,-30.0765,-51.22627
zip3,910,-30.00579,-51.16141
zip3,911,-29.99927,-51.12001
zip3,912,-30.02917,-51.12774
zip3,913,-30.02364,-51.15908
zip3,914,-30.04907,-51.15031
zip3,915,-30.07724,-51.1503
zip3,917,-30.13428,-51.1952
zip3,918,-30.08572,-51.24753
zip3,919,-30.10735,-51.24488
zip3,920,-29.918,-51.1588
zip3,921,-29.9477,-51.16757
zip3,922,-29.95477,-51.18589
zip3,923,-29.91267,-51.19885
zip3,924,-29.88785,-51.18247
zip3,925,-30.12145,-51.33633
zip3,928,-30.46095,-51.60202
zip3,929,-30.02072,-51.33234
zip3,930,-29.7729,-51.13485
zip3,931,-29.72044,-51.1834
zip3,932,-29.83858,-51.15354
zip3,933,-29.6913,-51.14032
zip3,934,-29.71115,-51.11608
zip3,935,-29.68167,-51.11034
zip3,936,-29.45795,-51.01788
zip3,937,-29.67705,-51.0604
zip3,938,-29.63049,-50.98402
zip3,939,-29.58531,-51.12139
zip3,940,-29.93692,-51.03018
zip3,941,-29.92653,-51.00255
zip3,943,-29.88123,-50.78353
zip3,944,-30.07819,-51.06073
zip3,945,-30.06674,-51.08746
zip3,947,-28.34905,-49.42862
zip3,948,-30.00843,-51.06694
zip3,949,-29.92584,-51.08406
zip3,950,-29.16203,-51.17541
zip3,951,-29.2374,-51.28528
zip3,952,-28.72087,-51.02284
zip3,953,-28.59972,-51.58951
zip3,954,-29.31154,-50.48519
zip3,955,-29.77871,-50.10949
zip3,956,-29.53979,-50.745
zip3,957,-29.36446,-51.47705
zip3,958,-29.61302,-51.94599
zip3,959,-29.32386,-52.00245
zip3,960,-31.75127,-52.33736
zip3,961,-31.14065,-51.98268
zip3,962,-32.22385,-52.23933
zip3,963,-32.31836,-53.22054
zip3,964,-31.2976,-54.10714
zip3,965,-30.11354,-53.06463
zip3,966,-30.60499,-52.50357
zip3,967,-30.14275,-51.66426
zip3,968,-29.70821,-52.44171
zip3,969,-29.48724,-52.93699
zip3,970,-29.69338,-53.81452
zip3,971,-29.6956,-53.73347
zip3,972,-29.68925,-53.42078
zip3,973,-30.32814,-54.09273
zip3,974,-29.69819,-54.55367
zip3,975,-30.10648,-56.12856
zip3,976,-28.94064,-55.99777
zip3,977,-29.24296,-54.83917
zip3,978,-28.42335,-55.00879
zip3,979,-28.15091,-54.74743
zip3,980,-28.64358,-53.6039
zip3,981,-29.08516,-53.71168
zip3,982,-28.4279,-53.3281
zip3,983,-27.74011,-53.29575
zip3,984,-27.33062,-53.35991
zip3,985,-27.60459,-53.75567
zip3,986,-27.49089,-53.98479
zip3,987,-28.20311,-54.05075
zip3,988,-28.28443,-54.29099
zip3,989,-27.7749,-54.47893
zip3,990,-28.26396,-52.45451
zip3,991,-28.39754,-52.22107
zip3,992,-28.74296,-51.9249
zip3,993,-28.83706,-52.5367
zip3,994,-28.66647,-52.91263
zip3,995,-28.1697,-52.85221
zip3,996,-27.61917,-52.82064
zip3,997,-27.62335,-52.28781
zip3,998,-27.77229,-51.827
zip3,999,-28.03883,-52.07022
uf,AC,-9.70256,-68.45185
uf,AL,-9.6128,-36.06287
uf,AM,-3.34934,-60.53743
uf,AP,0.08603,-51.2343
uf,BA,-13.05306,-39.56286
uf,CE,-4.36315,-39.00414
uf,DF,-15.81088,-47.96963
uf,ES,-20.1106,-40.49608
uf,GO,-16.57764,-49.3342
uf,MA,-3.799,-44.81863
uf,MG,-19.86537,-44.42077
uf,MS,-20.76501,-54.53214
uf,MT,-14.16089,-55.71281
uf,PA,-2.65974,-49.51299
uf,PB,-7.09705,-35.82657
uf,PE,-8.182,-35.76111
uf,PI,-5.75499,-42.50954
uf,PR,-24.79703,-50.88184
uf,RJ,-22.7455,-43.15677
uf,RN,-5.8567,-35.99008
uf,RO,-10.34129,-62.72058
uf,RR,2.7171,-60.67287
uf,RS,-29.67957,-52.03486
uf,SC,-27.22249,-49.61794
uf,SE,-10.8662,-37.18117
uf,SP,-23.15543,-47.08415
uf,TO,-9.5037,-48.34866
